アズサプランニング,【,アマゾン,アマゾン
インサイダーバット,】,[aA][mM][aA][zZ][oO][nN],[aA][mM][aA][zZ][oO][nN]
スカイボウ,¥[,¥.[cC][oO],プライム
[sS][kK][yY][bB][oO][wW],¥],¥.[jJ][pP],[pP][rR][iI][mM][eE]
クロスボウ,¥(,プライム,送料無料
[cC][rR][oO][sS][sS][bB][oO][wW],¥),[pP][rR][iI][mM][eE],限定
,（,送料無料,返品
,）,限定,返金
[mM][eE][rR][cC][eE][dD][eE][sS],、,返品,交換
[bB][eE][nN][zZ],。,返金,保証
[bB][mM][wW],,,交換,保障
スプレー,，,保証,補償
催涙スプレー,?,保障,サポート
レーザーポインタ,･,補償,お問い合わせ
レーザーポインター,・,サポート,正規品
レーザーポイント,　,メーカー,国内正規品
熊撃退スプレー,/,お問い合わせ,無断使用
^(?=.*隠し)(?=.*カメラ),／,[0-9]*年間,転用
^(?=.*スパイ)(?=.*カメラ),&,[0-9]*年,免責
アイロテック,＆,[0-9]*ヵ月間,URL
[iI][rR][oO][tT][eE][cC],「,[0-9]*ヵ月,url
ボウガン,」,[0-9]*ヶ月間,販売
ヌンチャク,_,[0-9]*ヶ月,カスタマー係
医薬品,＿,[0-9]*カ月間,TEL
ゴム銃,¥|,[0-9]*カ月,E-mail
スリングショット,｜,正規品,Eメール
ハイブランド品,:,国内正規品,受付時間
ウッディプッディ,：,代理店,販売者
[wW][oO][oO][dD][yY][pP][uU][dD][dD][yY],,正規,受付
日本能力開発学院,,賠償,専売品
ヴィトン,,責任,配送センター
ビトン,,保険,賠償
[vV][uU][iI][tT][tT][oO][nN],,対人賠償責任保険付き,電話番号
コーチ,,,正規販売店
[cC][oO][aA][cC][hH],,,有償
[wW][aA][nN][tT][aA][nN][aA][rR],,,他出品者
農薬,,,事業者
薬品,,,図は
殺虫剤,,,破損
熊,,,故障
夏目友人帳,,,アカウント
ニャンコ先生,,,カスタマー
ディズニー,,,カスタマ
カタログ,,,商品の説明をすべて表示する
スパイ ,,,参考情報
^(?=.*小型)(?=.*マイク),,,画像を拡大表示する
盗聴,,,サクラレビュー
^(?=.*集音)(?=.*マイク),,,レビュー
^(?=.*小型)(?=.*カメラ),,,レビュアー
^(?=.*マイクロ)(?=.*カメラ),,,郵便
精力剤,,,発送
媚薬,,,配達
制服,,,宅配
医薬品,,,宅急便
漢方薬,,,代引
コンタクトレンズ,,,代引き
淫行,,,画像は
アナル,,,メール
あなる,,,代替品
膣,,,利用規約
ペニス,,,ご住所
ちんこ,,,ご連絡先
チンコ,,,注文
おっぱい,,,受け取り
オッパイ,,,振込
アダルト,,,欠品
浣腸,,,納期
オナホ,,,在庫切れ
ローター,,,自社都合
^(?=.*大人)(?=.*おもちゃ),,,損失
バイブ,,,損害
バイヴ,,,お電話
乳首,,,当店
ステッカー,,,対応致します
トトロ,,,購入
ジブリ,,,営業日
ブランド,,,模倣品
カセットガス,,,類似品
ナイフ,,,アフターサービス
ポプテピピック,,,万が一
Eredit,,,連絡してください
ねこぶち,,,当ストア
くろぶち,,,弊社製品
NECIBUCHI,,,責任
Necobuchi,,,ご不明な点
ネコブチ,,,お取り寄せ
クロブチ,,,ご了承
GlocalMe,,,お届け
Ofelia,,,アウトレット
マッサージ,,,ご提供
パチンコ,,,お客様
^(?=.*スリング)(?=.*ショット),,,弊社
スリング,,,登録商標
ファルコン,,,出品者
[sS][uU][pP][rR][eE][mM][eE],,,偽物
シュプリーム,,,スッタフ
アークテリクス,,,取り寄せ
ARCTERYX,,,取寄せ
ARC'TERYX,,,サーポート
マーキープレイヤー,,,無料交換
^(?=.*[mM][aA][rR][qQ][uU][eE][eE])(?=.*[pP][lL][aA][yY][eE][rR]),,,ブランド
Amazon,,,検品
AMAZON,,,商品の説明
,,,もっと読む
,,,if¥(P¥)
,,,P.when¥(
,,,弊店
,,,Email
,,,連絡お願い
,,,以下に適合します： .
,,,モデル番号を入力してください
,,,これが適合するか確認：
,,,P.when("ReplacementPartsBulletLoader").execute(function(module){module.initializeDPX();})